<?xml version="1.0"?>
<projectProfile type="default" version="1.12.20">
  <projectDirectory>
    <projectProfileFile filesystemName=".zfproject.xml"/>
    <applicationDirectory classNamePrefix="Application_">
      <configsDirectory>
        <applicationConfigFile type="ini"/>
      </configsDirectory>
      <controllersDirectory>
        <controllerFile controllerName="Index">
          <actionMethod actionName="index"/>
          <actionMethod actionName="writeidea"/>
          <actionMethod actionName="item"/>
        </controllerFile>
        <controllerFile controllerName="Error"/>
        <controllerFile controllerName="Books">
          <actionMethod actionName="index"/>
        </controllerFile>
        <controllerFile controllerName="Signin">
          <actionMethod actionName="index"/>
          <actionMethod actionName="view"/>
        </controllerFile>
        <controllerFile controllerName="Writeidea">
          <actionMethod actionName="index"/>
          <actionMethod actionName="writeidea"/>
        </controllerFile>
        <controllerFile controllerName="Item">
          <actionMethod actionName="index"/>
        </controllerFile>
      </controllersDirectory>
      <formsDirectory>
        <formFile formName="Register"/>
      </formsDirectory>
      <layoutsDirectory>
        <layoutScriptsDirectory>
          <layoutScriptFile layoutName="layout"/>
        </layoutScriptsDirectory>
      </layoutsDirectory>
      <modelsDirectory>
        <modelFile modelName="Book"/>
        <dbTableDirectory>
          <dbTableFile dbTableName="Signin"/>
          <dbTableFile dbTableName="Writeidea"/>
        </dbTableDirectory>
        <modelFile modelName="SigninMapper"/>
        <modelFile modelName="Signin"/>
        <modelFile modelName="WriteideaMapper"/>
        <modelFile modelName="Writeidea"/>
        <modelFile modelName="Item"/>
        <modelFile modelName="ItemMapper"/>
      </modelsDirectory>
      <modulesDirectory enabled="false"/>
      <servicesDirectory enabled="false"/>
      <viewsDirectory>
        <viewScriptsDirectory>
          <viewControllerScriptsDirectory forControllerName="Index">
            <viewScriptFile forActionName="index"/>
          </viewControllerScriptsDirectory>
          <viewControllerScriptsDirectory forControllerName="Error">
            <viewScriptFile forActionName="error"/>
          </viewControllerScriptsDirectory>
          <viewControllerScriptsDirectory forControllerName="Books">
            <viewScriptFile forActionName="index"/>
          </viewControllerScriptsDirectory>
          <viewControllerScriptsDirectory forControllerName="Signin">
            <viewScriptFile forActionName="index"/>
          </viewControllerScriptsDirectory>
          <viewControllerScriptsDirectory forControllerName="Signin">
            <viewScriptFile forActionName="view"/>
          </viewControllerScriptsDirectory>
          <viewControllerScriptsDirectory forControllerName="Writeidea">
            <viewScriptFile forActionName="index"/>
          </viewControllerScriptsDirectory>
          <viewControllerScriptsDirectory forControllerName="Index">
            <viewScriptFile forActionName="writeidea"/>
          </viewControllerScriptsDirectory>
          <viewControllerScriptsDirectory forControllerName="Writeidea">
            <viewScriptFile forActionName="writeidea"/>
          </viewControllerScriptsDirectory>
          <viewControllerScriptsDirectory forControllerName="Item">
            <viewScriptFile forActionName="index"/>
          </viewControllerScriptsDirectory>
          <viewControllerScriptsDirectory forControllerName="Index">
            <viewScriptFile forActionName="item"/>
          </viewControllerScriptsDirectory>
        </viewScriptsDirectory>
        <viewHelpersDirectory/>
        <viewFiltersDirectory enabled="false"/>
      </viewsDirectory>
      <bootstrapFile filesystemName="Bootstrap.php"/>
    </applicationDirectory>
    <dataDirectory enabled="false">
      <cacheDirectory enabled="false"/>
      <searchIndexesDirectory enabled="false"/>
      <localesDirectory enabled="false"/>
      <logsDirectory enabled="false"/>
      <sessionsDirectory enabled="false"/>
      <uploadsDirectory enabled="false"/>
    </dataDirectory>
    <docsDirectory>
      <file filesystemName="README.txt"/>
    </docsDirectory>
    <libraryDirectory>
      <zfStandardLibraryDirectory enabled="false"/>
    </libraryDirectory>
    <publicDirectory>
      <publicStylesheetsDirectory enabled="false"/>
      <publicScriptsDirectory enabled="false"/>
      <publicImagesDirectory enabled="false"/>
      <publicIndexFile filesystemName="index.php"/>
      <htaccessFile filesystemName=".htaccess"/>
    </publicDirectory>
    <projectProvidersDirectory enabled="false"/>
    <temporaryDirectory enabled="false"/>
    <testsDirectory>
      <testPHPUnitConfigFile filesystemName="phpunit.xml"/>
      <testPHPUnitBootstrapFile filesystemName="bootstrap.php"/>
      <testApplicationDirectory>
        <testApplicationControllerDirectory>
          <testApplicationControllerFile forControllerName="Index">
            <testApplicationActionMethod forActionName="index"/>
          </testApplicationControllerFile>
        </testApplicationControllerDirectory>
      </testApplicationDirectory>
      <testLibraryDirectory/>
    </testsDirectory>
  </projectDirectory>
</projectProfile>
